{
    "Route RN1 4070 - M'Saken Msaken Sousse": [
        35.7350735,
        10.5780695
    ],
    "236 Avenue HABIB BOURGUIBA 5080 MOKNINE MOKNINE, MONASTIR Tunisie": [
        35.629127,
        10.9183126
    ],
    "4022 - Akouda Akouda Sousse": [
        35.8684507,
        10.5684987
    ],
    "7160 - El Ksour El Ksour Le Kef": [
        35.8973903,
        8.8814904
    ],
    "Avenue 14 Janvier 2011 8110 - Tabarka Tabarka Jendouba": [
        36.9540672,
        8.7599588
    ],
    "sousse": [
        35.8288284,
        10.6405254
    ],
    "Avenue de l'Environnement  5000 - Monastir": [
        35.7686375,
        10.8180163
    ],
    "Khezama": [
        35.8429375,
        10.6176916
    ],
    "4054 - Sahloul Sousse Jawhara Sousse 4054 - Sahloul \t\tSousse Jawhara \t\tSousse": [
        35.8408704,
        10.6001565
    ],
    "Megrine Chaker": [
        36.77989,
        10.2237504
    ],
    "Avenue Habib Bourguiba  2015 - Le Kram Tunis": [
        36.8509675,
        10.3281271
    ],
    "31 Rue Tahar Sfar  2017 - Khaznadar Le Bardo Tunis": [
        36.8029092,
        10.1295139
    ],
    "11 RUE 11030 IBN SINA TUNIS": [
        36.7458523,
        10.1829625
    ],
    "SR France 2": [
        4.6002894,
        -54.4202847
    ],
    "sidi saoud": [
        35.568008,
        -5.297911
    ],
    "Mnihla": [
        36.8533475,
        10.1169734
    ],
    "8 RUE IBN NADIM 1073 MONTPLAISIR": [
        36.8179133,
        10.1847969
    ],
    "MNIHLA": [
        36.8533475,
        10.1169734
    ],
    "Rue HEDI NOUIRA 2050 - Hammam Lif Hammam Lif Ben Arous": [
        36.7333151,
        10.3300427
    ],
    "2000 - LE BARDO": [
        36.8111957,
        10.1396979
    ],
    "BORJ CEDRIA 2084": [
        36.6964922,
        10.3857098
    ],
    "Sakiet Eddaier sfax": [
        34.7896235,
        10.7800417
    ],
    "Ben Guerdane": [
        33.1403223,
        11.2170109
    ],
    "2110 - Moulares Oum El Araies Gafsa": [
        34.4838591,
        8.2813709
    ],
    "MEDENINE": [
        32.9819987,
        11.2870254
    ],
    "Avenue Du Koweit HAMMAMET NABEUL": [
        36.4065143,
        10.6070136
    ],
    "8050 - HAMMAMET": [
        36.4006557,
        10.6190626
    ],
    "8080 - Menzel Temime Menzel Temime Nabeul": [
        36.8071724,
        10.9630108
    ],
    "8065 - Oued El Khatef Kelibia Nabeul": [
        36.8625305,
        11.0311198
    ],
    "BIR BOURAGBA": [
        36.4358,
        10.5713
    ],
    "8042 - Bir Bouregba Hammamet Nabeul": [
        36.4306831,
        10.5684065
    ],
    "Cité AFH  8030 - Grombalia Grombalia Nabeul": [
        36.6940085,
        10.4132584
    ]
}